date,Employed persons total - trend,Employed persons total - seasonally adjusted,Employed persons total - original,Employed full-time - trend,Employed full-time - seasonally adjusted,Employed full-time - original,Employed part-time - trend,Employed part-time - seasonally adjusted,Employed part-time - original,Unemployed total - trend,Unemployed total - seasonally adjusted,Unemployed total - original,Unemployment rate - trend,Unemployment rate - seasonally adjusted,Unemployment rate - original
Feb-1978,6005.1,5995.7,5985.7,5095.5,5077.7,5099.9,909.6,918,885.7,411.2,426.4,482.8,6.4,6.6,7.5
Mar-1978,6011.7,6001,6040.6,5099.2,5093.4,5118.1,912.4,907.7,922.5,408.2,403.5,424.8,6.4,6.3,6.6
Apr-1978,6018.7,6029.7,6054.2,5102.9,5118.6,5128.3,915.8,911.1,925.9,405.5,402.5,403.4,6.3,6.3,6.2
May-1978,6025.2,6030.8,6038.3,5105,5116.6,5117.5,920.2,914.2,920.8,403.9,398.2,398.4,6.3,6.2,6.2
Jun-1978,6030.3,6031.8,6031.3,5105.4,5102.2,5092.6,924.8,929.6,938.8,403.4,405.1,393.5,6.3,6.3,6.1
Jul-1978,6032.8,6028.7,6036.1,5104.3,5094.9,5092.8,928.5,933.8,943.3,403.7,398.6,380.5,6.3,6.2,5.9
Aug-1978,6033.3,6033.7,6005.4,5102.5,5095.6,5045.3,930.8,938.2,960,404.9,418.9,398.3,6.3,6.5,6.2
Sep-1978,6033.8,6037.9,6024.3,5102.4,5112.7,5097,931.4,925.2,927.3,406.1,405.3,387.3,6.3,6.3,6
Oct-1978,6035.9,6034.3,6045.9,5105.1,5106.3,5097.4,930.8,928,948.5,406.5,395.5,370.4,6.3,6.2,5.8
Nov-1978,6040,6027,6033.8,5109.9,5102.6,5079.2,930.1,924.4,954.6,406.9,408.1,372.8,6.3,6.3,5.8
Dec-1978,6044.6,6051.6,6125.4,5114.1,5111.2,5179,930.4,940.4,946.4,407.7,412.8,444.6,6.3,6.4,6.8
Jan-1979,6049.3,6053.3,5971.3,5117.1,5123,5141.7,932.2,930.4,829.6,408.7,411,449.9,6.3,6.4,7
Feb-1979,6054.4,6061.6,6050.7,5119.4,5127.6,5149.3,935,934,901.4,409.6,404,458.1,6.3,6.2,7
Mar-1979,6060.4,6053.8,6096.2,5122.2,5122.5,5148.1,938.2,931.3,948,409.9,407.1,428.4,6.3,6.3,6.6
Apr-1979,6067.1,6063.5,6087.7,5126,5120.2,5128.5,941.1,943.4,959.1,408.5,420.7,420.6,6.3,6.5,6.5
May-1979,6074.6,6068,6075.6,5130.7,5116.5,5116.8,943.9,951.6,958.8,406.9,400.2,400.1,6.3,6.2,6.2
Jun-1979,6084.3,6097.4,6095.7,5137.7,5151.3,5141,946.6,946.1,954.7,405.8,405.7,393,6.3,6.2,6.1
Jul-1979,6096.8,6095.8,6103.9,5147.3,5146.9,5145.9,949.4,948.9,958,405.1,406.6,387.1,6.2,6.3,6
Aug-1979,6111.6,6112.2,6078.5,5158.8,5164.5,5113.1,952.8,947.7,965.4,404.8,398.2,377.5,6.2,6.1,5.8
Sep-1979,6128.7,6112.4,6157.8,5171.1,5157.7,5185.6,957.6,954.7,972.2,405.1,403.7,400.4,6.2,6.2,6.1
Oct-1979,6147.4,6150.5,6164,5183.8,5184.6,5176.5,963.6,965.9,987.5,405.3,418.3,391.4,6.2,6.4,6
Nov-1979,6166.9,6179.2,6188.8,5196.4,5206.5,5184.4,970.4,972.7,1004.4,404.3,398.2,363.6,6.2,6.1,5.5
Dec-1979,6185.8,6182.3,6257.2,5209.8,5209.8,5279,976,972.5,978.1,402.1,401.9,431,6.1,6.1,6.4
Jan-1980,6202.9,6204.6,6112.9,5224.1,5217.4,5230.1,978.8,987.2,882.8,400.5,405.6,441.7,6.1,6.1,6.7
Feb-1980,6217.9,6219.8,6207.2,5238.5,5240.5,5262.1,979.4,979.3,945.1,400.5,396.6,448.5,6.1,6,6.7
Mar-1980,6232.3,6231,6278.7,5253,5251.2,5278.9,979.3,979.8,999.7,402.5,393,415.6,6.1,5.9,6.2
Apr-1980,6247.9,6241.7,6224.9,5267,5256.3,5234.4,980.9,985.4,990.5,406.4,406.1,408,6.1,6.1,6.2
May-1980,6264.6,6265.5,6273.4,5279.6,5301.2,5301.7,985.1,964.3,971.8,410.7,416.3,416.6,6.2,6.2,6.2
Jun-1980,6280.2,6273.3,6269.9,5288.4,5280.9,5269,991.8,992.3,1000.9,413.5,422.4,409.3,6.2,6.3,6.1
Jul-1980,6293.4,6304.9,6314.1,5292.8,5293.1,5293.6,1000.5,1011.9,1020.5,414.2,406.8,387.6,6.2,6.1,5.8
Aug-1980,6304.1,6313.1,6281.4,5294.7,5304.5,5251.1,1009.4,1008.7,1030.3,412.8,415.2,394.5,6.1,6.2,5.9
Sep-1980,6312.9,6313.8,6360,5296.9,5292.2,5320,1016,1021.6,1040,409.8,410.7,407.6,6.1,6.1,6
Oct-1980,6321.1,6304.9,6320.2,5300.9,5294.5,5287.2,1020.2,1010.4,1033.1,406.2,405.3,378.5,6,6,5.7
Nov-1980,6330.3,6327.1,6342,5308.3,5296.6,5277.5,1021.9,1030.5,1064.5,402.5,393.5,359.6,6,5.9,5.4
Dec-1980,6341.5,6349.6,6426.6,5318.8,5325.2,5396.5,1022.6,1024.4,1030.1,398.6,407.9,435.7,5.9,6,6.3
Jan-1981,6354.8,6354.1,6253,5330.7,5337.6,5339.9,1024.1,1016.5,913,393.6,399.1,433.8,5.8,5.9,6.5
Feb-1981,6369.1,6370.7,6356.5,5342.7,5347.1,5368.5,1026.4,1023.7,988,387.5,378.8,427.7,5.7,5.6,6.3
Mar-1981,6382.1,6374.7,6428.1,5353,5338.4,5367.8,1029.1,1036.3,1060.3,382,388.3,413.3,5.6,5.7,6
Apr-1981,6394,6402.6,6426.3,5361.9,5378,5383.1,1032.2,1024.6,1043.2,378.4,375.9,379.5,5.6,5.5,5.6
May-1981,6405.8,6402.7,6412.4,5370.2,5361.2,5361.8,1035.6,1041.5,1050.6,377.8,378.2,379.3,5.6,5.6,5.6
Jun-1981,6417,6418.6,6413.9,5377.9,5378.6,5364.7,1039.1,1040,1049.2,380.5,363.6,353.7,5.6,5.4,5.2
Jul-1981,6425.1,6416.5,6425.3,5384.1,5381.5,5383.5,1041,1035,1041.8,385.9,396.3,378.2,5.7,5.8,5.6
Aug-1981,6429.8,6431.9,6393.7,5388.9,5391,5337.1,1040.9,1040.9,1056.6,391.8,398.9,380.6,5.7,5.8,5.6
Sep-1981,6432.3,6456.3,6502.7,5393.4,5408.4,5436.2,1038.9,1047.9,1066.5,397.5,396.7,394,5.8,5.8,5.7
Oct-1981,6433.8,6427.6,6445.3,5398.5,5388.3,5383,1035.3,1039.3,1062.4,402.7,400.2,374,5.9,5.9,5.5
Nov-1981,6436,6415.4,6433.3,5404.3,5385.2,5369.3,1031.7,1030.2,1064,407.3,409.2,375,6,6,5.5
Dec-1981,6439.3,6428.2,6506.9,5409.3,5412.1,5484.7,1030,1016.1,1022.1,412.1,411.2,437.6,6,6,6.3
Jan-1982,6443.2,6463.8,6355.5,5412.6,5429.9,5424.9,1030.6,1033.9,930.6,417.9,410.9,443.9,6.1,6,6.5
Feb-1982,6445.9,6448.4,6432.4,5412.4,5415.8,5435.6,1033.5,1032.6,996.8,425.2,433.7,488.8,6.2,6.3,7.1
Mar-1982,6446,6441.4,6497.4,5407.7,5401.7,5431.3,1038.3,1039.7,1066.1,433.1,434.4,463.9,6.3,6.3,6.7
Apr-1982,6442,6451,6431.6,5398.4,5398.6,5371.2,1043.5,1052.4,1060.3,440.5,435.6,440,6.4,6.3,6.4
May-1982,6435.1,6430.5,6440.9,5386.1,5383.8,5383,1049,1046.7,1057.9,448.4,452.8,453.8,6.5,6.6,6.6
Jun-1982,6428.4,6418.7,6414.3,5373.6,5372.3,5357.1,1054.8,1046.5,1057.1,458.6,464.8,451.6,6.7,6.8,6.6
Jul-1982,6421.6,6417.9,6425.9,5360,5357.1,5361.1,1061.5,1060.7,1064.8,474.7,473.5,453.4,6.9,6.9,6.6
Aug-1982,6411.3,6414.4,6379.3,5342.2,5338.5,5285.9,1069.1,1075.9,1093.4,498.5,483,461.4,7.2,7,6.7
Sep-1982,6395.3,6398.6,6443.5,5318.4,5331.3,5357.5,1076.8,1067.3,1086,529.4,511.9,509.1,7.6,7.4,7.3
Oct-1982,6373.8,6400.6,6421.1,5289,5299.7,5296.9,1084.8,1100.9,1124.2,564.1,577.9,540.6,8.1,8.3,7.8
Nov-1982,6347.4,6344.1,6366.8,5255.9,5266.8,5255.1,1091.4,1077.3,1111.8,599,602.7,555.2,8.6,8.7,8
Dec-1982,6318.3,6293.9,6370.1,5223.2,5196.5,5265.2,1095.2,1097.4,1104.9,630.6,651.6,677.5,9.1,9.4,9.6
Jan-1983,6291.3,6289.8,6172,5195.6,5194.1,5182.1,1095.7,1095.7,989.9,656.1,644.3,694.6,9.4,9.3,10.1
Feb-1983,6270.6,6287.6,6263.9,5177.4,5182.8,5198.8,1093.1,1104.9,1065.2,675.6,671.3,750.1,9.7,9.6,10.7
Mar-1983,6257.7,6254.3,6310.3,5168.9,5159.3,5186.3,1088.8,1095,1124,690.5,690.5,733.9,9.9,9.9,10.4
Apr-1983,6253.1,6231.6,6254.5,5169.5,5166.1,5166.4,1083.6,1065.6,1088.1,702.8,703,709.3,10.1,10.1,10.2
May-1983,6255.1,6261.8,6272.8,5176.8,5186.1,5183.4,1078.3,1075.7,1089.4,713.4,719.1,720.5,10.2,10.3,10.3
Jun-1983,6261.8,6269.3,6266.5,5188.3,5189.3,5173.3,1073.4,1079.9,1093.1,720.7,710.3,693.2,10.3,10.2,10
Jul-1983,6273.6,6275.5,6295,5202.8,5201.9,5214.6,1070.8,1073.6,1080.4,723.2,731.6,687.2,10.3,10.4,9.8
Aug-1983,6289.8,6281.1,6241.2,5219,5200.4,5150.4,1070.8,1080.7,1090.8,719.6,713.9,686.8,10.3,10.2,9.9
Sep-1983,6307.4,6315,6358.2,5233.7,5260.5,5285.9,1073.7,1054.5,1072.3,711.3,726.2,720.8,10.1,10.3,10.2
Oct-1983,6325.2,6315.1,6336.1,5246.4,5240.4,5240.5,1078.8,1074.7,1095.6,699.2,700.7,653.2,10,10,9.3
Nov-1983,6343.8,6352.6,6377.5,5257.7,5261.5,5253.3,1086.1,1091.2,1124.2,686.3,678.3,624.8,9.8,9.6,8.9
Dec-1983,6363.8,6377.3,6456.5,5268.3,5272.8,5342.6,1095.4,1104.5,1113.9,674.6,664.1,690,9.6,9.4,9.7
Jan-1984,6384.8,6371.6,6251.4,5279.5,5267.1,5249,1105.3,1104.5,1002.5,665.7,668,717.8,9.4,9.5,10.3
Feb-1984,6407.5,6390.4,6365.4,5292.7,5280.7,5295.4,1114.8,1109.7,1069.9,660,660.8,736.5,9.3,9.4,10.4
Mar-1984,6431,6446.1,6503.2,5308.3,5326.7,5354.7,1122.7,1119.4,1148.6,656,653.2,699.9,9.3,9.2,9.7
Apr-1984,6454.3,6452.7,6477.6,5325.1,5318.1,5318.3,1129.2,1134.7,1159.3,652.2,666.4,675.6,9.2,9.4,9.4
May-1984,6475.5,6477.6,6489.7,5339.7,5337.8,5333,1135.8,1139.8,1156.7,647.1,634.2,635.6,9.1,8.9,8.9
Jun-1984,6493.6,6499.6,6499,5351.2,5361.9,5344,1142.4,1137.7,1155.1,641.2,649,632.5,9,9.1,8.9
Jul-1984,6507.5,6509.5,6528.7,5359.4,5357.9,5371.7,1148.1,1151.6,1157,635.3,632.3,594.9,8.9,8.9,8.4
Aug-1984,6517.3,6506.5,6466.1,5365.7,5371.4,5318.8,1151.6,1135.1,1147.3,629.9,629,604,8.8,8.8,8.5
Sep-1984,6526,6536.4,6579.8,5372.3,5364.5,5388.7,1153.7,1171.9,1191.1,624.7,624.5,620.8,8.7,8.7,8.6
Oct-1984,6536.1,6532.6,6553.2,5381.1,5370.7,5372.1,1155.1,1161.8,1181.1,620.2,620.6,578.4,8.7,8.7,8.1
Nov-1984,6547.8,6548.4,6576.1,5391.8,5397.4,5391.8,1156,1150.9,1184.3,616.7,621.7,571.2,8.6,8.7,8
Dec-1984,6561.2,6552.1,6636,5404.1,5407.2,5480.4,1157.1,1144.9,1155.7,613.9,608.2,627.4,8.6,8.5,8.6
Jan-1985,6575.6,6563.7,6452.4,5416.2,5409.7,5415.6,1159.4,1154.1,1036.8,612.4,612.1,657.7,8.5,8.5,9.3
Feb-1985,6590.1,6624.3,6595.7,5426.3,5438,5452.3,1163.8,1186.4,1143.3,612.1,605.5,674.1,8.5,8.4,9.3
Mar-1985,6604.6,6598.9,6657.4,5434.5,5442.4,5471.8,1170.1,1156.5,1185.6,612.5,625.3,672.8,8.5,8.7,9.2
Apr-1985,6621.2,6606.8,6588.8,5443.6,5430.8,5400.5,1177.6,1176,1188.4,613,606,615.3,8.5,8.4,8.5
May-1985,6639.7,6644.3,6657.9,5455,5455.2,5448.9,1184.7,1189.1,1209,612,606.2,609.1,8.4,8.4,8.4
Jun-1985,6662.6,6657.7,6659.4,5470.2,5464.8,5445,1192.4,1192.9,1214.3,608.9,623.1,607.6,8.4,8.6,8.4
Jul-1985,6690.3,6684.4,6703.4,5488.5,5482.1,5496.8,1201.8,1202.3,1206.6,603.7,601.4,566.9,8.3,8.3,7.8
Aug-1985,6721.8,6725.7,6675.5,5509.2,5519.4,5463.9,1212.6,1206.3,1211.6,597,596.4,572.7,8.2,8.1,7.9
Sep-1985,6754.8,6770.1,6814.7,5532.2,5550.3,5573.8,1222.6,1219.9,1240.9,590.1,592.4,589.2,8,8,8
Oct-1985,6786.1,6754.1,6771.1,5556,5522.3,5522.8,1230.1,1231.7,1248.3,584.5,573.9,534.8,7.9,7.8,7.3
Nov-1985,6815.6,6853.5,6881.9,5579.6,5595.7,5590.3,1236,1257.8,1291.6,581.6,591.4,543.1,7.9,7.9,7.3
Dec-1985,6842.2,6820.9,6910.8,5601.4,5589.9,5668.5,1240.7,1231,1242.3,582.5,574,591.1,7.8,7.8,7.9
Jan-1986,6865.6,6870.3,6753.6,5620.7,5630.4,5632.9,1245,1239.9,1120.8,585.4,580.1,624.8,7.9,7.8,8.5
Feb-1986,6887.1,6890.4,6861.9,5636.5,5652.9,5667.6,1250.6,1237.5,1194.3,588.5,598.1,665.3,7.9,8,8.8
Mar-1986,6905.9,6899.3,6961.9,5648.1,5636.3,5667.8,1257.8,1263,1294.1,591.3,592.6,642.6,7.9,7.9,8.4
Apr-1986,6962.8,6970,6997.9,5655,5651.7,5649.8,1307.8,1318.4,1348.1,590.4,598,608.7,7.8,7.9,8
May-1986,6973.4,6963.1,6979,5659.1,5652.8,5644.2,1314.3,1310.3,1334.7,594.8,592.1,594.5,7.9,7.8,7.8
Jun-1986,6980.9,7002.7,7007.7,5663.2,5684.6,5664,1317.7,1318.1,1343.6,601.5,579.7,563.8,7.9,7.6,7.4
Jul-1986,6985.6,6986.6,6991.5,5667.1,5650.8,5658.6,1318.5,1335.8,1332.8,610.2,616.9,596.1,8,8.1,7.9
Aug-1986,6989.9,6967.7,6918.5,5670.4,5667.5,5608.7,1319.5,1300.2,1309.8,620.2,624.7,597.6,8.1,8.2,8
Sep-1986,6994.7,6992.7,7040.6,5672,5672.2,5694.1,1322.7,1320.4,1346.5,628.6,635.1,633.1,8.2,8.3,8.2
Oct-1986,7001.3,7016.8,7030.4,5672,5685.7,5686.9,1329.3,1331.1,1343.5,633.6,634.7,591,8.3,8.3,7.8
Nov-1986,7010.6,7006.3,7034.2,5672.2,5675.5,5670.6,1338.4,1330.8,1363.5,635.5,635.1,584.2,8.3,8.3,7.7
Dec-1986,7022,7022.8,7116.8,5673.7,5661.2,5744.5,1348.3,1361.6,1372.3,635.8,639.1,655.8,8.3,8.3,8.4
Jan-1987,7034.1,7024.5,6902.5,5676.4,5670.4,5669.7,1357.7,1354.1,1232.9,635.8,624.8,670.7,8.3,8.2,8.9
Feb-1987,7047.5,7055,7022.3,5682.2,5687,5700.7,1365.3,1368,1321.6,636.2,629.4,699.7,8.3,8.2,9.1
Mar-1987,7064.4,7065.3,7133.4,5693,5692.5,5725.8,1371.4,1372.9,1407.6,636.7,648.3,702.8,8.3,8.4,9
Apr-1987,7084.4,7083.3,7109.6,5706.3,5709.8,5705.1,1378.1,1373.5,1404.4,636,641.5,652,8.2,8.3,8.4
May-1987,7105,7088.1,7103.5,5720.2,5707.5,5696.3,1384.8,1380.5,1407.2,633.6,633.1,635.1,8.2,8.2,8.2
Jun-1987,7122.3,7122.7,7128.9,5730.8,5727,5705.8,1391.5,1395.7,1423.1,629.9,619.5,603.1,8.1,8,7.8
Jul-1987,7134.1,7170.9,7175.6,5736.5,5776.2,5786.1,1397.6,1394.7,1389.5,625.7,630.4,610.1,8.1,8.1,7.8
Aug-1987,7143.2,7148,7092.3,5739.6,5730.4,5671.1,1403.6,1417.6,1421.2,622.2,629.5,602,8,8.1,7.8
Sep-1987,7153.6,7136,7186.5,5743.9,5732,5751.3,1409.6,1404,1435.3,619.4,599.1,597.6,8,7.7,7.7
Oct-1987,7168.9,7165.4,7177.4,5753.3,5764.6,5767.3,1415.5,1400.8,1410.1,615.2,629.5,585.4,7.9,8.1,7.5
Nov-1987,7192.6,7155.7,7182.2,5770.9,5727.4,5722.9,1421.7,1428.3,1459.3,609.9,615.6,567.1,7.8,7.9,7.3
Dec-1987,7224.7,7233.2,7330.7,5796.6,5802.3,5890.7,1428.1,1430.9,1440,604.7,604.5,620.6,7.7,7.7,7.8
Jan-1988,7261,7294.4,7169.4,5826.4,5849.1,5844.5,1434.6,1445.4,1324.9,602.3,601.4,646.2,7.7,7.6,8.3
Feb-1988,7294.5,7280.8,7247.3,5854.2,5856.1,5868.4,1440.3,1424.7,1378.9,601.9,581.5,644.7,7.6,7.4,8.2
Mar-1988,7319.8,7323.2,7397.4,5875,5874,5910,1444.7,1449.1,1487.5,601.2,590.9,645.2,7.6,7.5,8
Apr-1988,7337.6,7358.7,7383.4,5888.8,5905.6,5898.8,1448.8,1453.1,1484.6,598.3,632.9,644.8,7.5,7.9,8
May-1988,7352,7341.4,7354.8,5898.8,5892.1,5877.4,1453.2,1449.3,1477.4,592.5,591.3,593,7.5,7.5,7.5
Jun-1988,7367.2,7357.7,7378.3,5909.7,5897.4,5883.3,1457.5,1460.3,1495,582.4,598.6,569,7.3,7.5,7.2
Jul-1988,7386.6,7378.3,7383.1,5925.5,5921.6,5933.6,1461.1,1456.7,1449.5,569.5,535,518.8,7.2,6.8,6.6
Aug-1988,7409.1,7406.9,7353.3,5944.3,5938,5874.5,1464.8,1468.9,1478.8,557.1,562.6,538.7,7,7.1,6.8
Sep-1988,7434.4,7449.6,7503.2,5964,5964.2,5981,1470.4,1485.5,1522.2,548.7,554.5,554.5,6.9,6.9,6.9
Oct-1988,7462.9,7464.8,7477.3,5983.1,6010.1,6016.3,1479.8,1454.6,1461,545.5,545.7,507.9,6.8,6.8,6.4
Nov-1988,7492.6,7486.2,7508.6,6000.8,5998.9,5992.5,1491.8,1487.3,1516.1,544.8,529.2,488.4,6.8,6.6,6.1
Dec-1988,7523.8,7520.1,7622.9,6018.2,6008.2,6103.3,1505.6,1511.9,1519.6,543.2,550.6,563.3,6.7,6.8,6.9
Jan-1989,7557.4,7548.6,7423.8,6037.7,6022.6,6012.4,1519.7,1526,1411.4,539.4,550.6,592,6.7,6.8,7.4
Feb-1989,7592.6,7604.3,7566.5,6060.1,6061.9,6072.1,1532.5,1542.3,1494.4,532.8,539,597.7,6.6,6.6,7.3
Mar-1989,7627.8,7626.8,7634.6,6084.5,6086.1,6076.3,1543.4,1540.8,1558.3,524.5,517.2,545.9,6.4,6.4,6.7
Apr-1989,7661.4,7654.7,7678.4,6108.2,6116.1,6107.2,1553.3,1538.6,1571.2,515.2,506.3,515,6.3,6.2,6.3
May-1989,7691.1,7709.8,7720.8,6127.2,6133.2,6114.1,1564,1576.6,1606.7,506.7,516.6,517.3,6.2,6.3,6.3
Jun-1989,7717.5,7707.5,7711,6140.6,6141.7,6116.1,1576.9,1565.8,1595,500.6,493.2,475.9,6.1,6,5.8
Jul-1989,7741.9,7735.9,7740.8,6150.6,6146.1,6161.2,1591.3,1589.8,1579.6,496.4,498,482.1,6,6,5.9
Aug-1989,7764.7,7773.2,7715.3,6159.6,6165.1,6096.8,1605,1608.1,1618.5,492.5,490.7,468.3,6,5.9,5.7
Sep-1989,7785.6,7782.2,7841.6,6169,6152.3,6168.1,1616.6,1629.9,1673.5,489.5,499.5,499.8,5.9,6,6
Oct-1989,7803.7,7790.4,7806.5,6178.8,6173.4,6183.4,1624.9,1617,1623.1,488.8,490.4,456.4,5.9,5.9,5.5
Nov-1989,7818.6,7843.2,7862.4,6187.9,6213.1,6205.3,1630.7,1630.2,1657.1,491.4,480.8,445.3,5.9,5.8,5.4
Dec-1989,7830.6,7828.5,7935.5,6195,6187.7,6288.8,1635.5,1640.9,1646.7,497,485.6,501,6,5.8,5.9
Jan-1990,7840.7,7833.7,7707.7,6200.4,6200.5,6187.1,1640.2,1633.2,1520.6,504.3,509.5,549.3,6,6.1,6.7
Feb-1990,7851.7,7845.7,7803,6205.3,6201,6207.5,1646.4,1644.7,1595.5,513.4,534.6,592.7,6.1,6.4,7.1
Mar-1990,7864.5,7862.8,7874.1,6211,6212.9,6202.8,1653.5,1649.9,1671.3,524,518.4,547.9,6.2,6.2,6.5
Apr-1990,7877.2,7865.4,7887.9,6217.9,6201.3,6190.3,1659.3,1664,1697.6,536.4,527,533.2,6.4,6.3,6.3
May-1990,7887,7898.3,7908.5,6224.6,6232.1,6210.7,1662.4,1666.2,1697.8,550.5,549.6,548.6,6.5,6.5,6.5
Jun-1990,7890.1,7897.3,7900.3,6226.9,6230.1,6204.7,1663.2,1667.2,1695.6,567.5,559.1,539.6,6.7,6.6,6.4
Jul-1990,7884.6,7898,7919.4,6221.7,6231.5,6258.2,1662.9,1666.5,1661.2,587.1,599,567,6.9,7,6.7
Aug-1990,7871.6,7868,7808,6209.3,6212.4,6141.5,1662.3,1655.5,1666.5,608,611,584.6,7.2,7.2,7
Sep-1990,7853.9,7843,7905.5,6190.9,6195,6210.8,1663,1648,1694.7,628,624.5,625,7.4,7.4,7.3
Oct-1990,7833.6,7828.4,7848.9,6167.6,6150.7,6165.3,1666,1677.7,1683.6,645.8,647.1,603.1,7.6,7.6,7.1
Nov-1990,7811.8,7808.7,7826.9,6140,6132,6125.2,1671.8,1676.7,1701.7,665,672.5,625.8,7.8,7.9,7.4
Dec-1990,7789.6,7811.8,7915.5,6109.7,6129.3,6229.4,1680,1682.5,1686.1,688.7,680,700.8,8.1,8,8.1
Jan-1991,7767,7750.7,7641.3,6077.5,6086.1,6104.6,1689.5,1664.7,1536.7,716.9,709,763.3,8.4,8.4,9.1
Feb-1991,7743.6,7757.5,7708.8,6044.8,6042.8,6044.3,1698.8,1714.7,1664.5,747.1,730.6,807.5,8.8,8.6,9.5
Mar-1991,7719.3,7702.1,7715.4,6012.9,5997.4,5987.3,1706.4,1704.7,1728.1,774.6,778,818.7,9.1,9.2,9.6
Apr-1991,7696.2,7695.5,7717.2,5984.1,5975,5963.3,1712.1,1720.5,1754,796.5,841.4,849.5,9.4,9.9,9.9
May-1991,7676.5,7693.1,7703.7,5962.5,5980,5959.3,1714,1713.1,1744.4,811.6,807.6,805.4,9.6,9.5,9.5
Jun-1991,7660.1,7655.1,7678.1,5948.3,5942.9,5930.5,1711.8,1712.3,1747.6,820.1,803.2,757.7,9.7,9.5,9
Jul-1991,7645.7,7630.8,7583,5938.3,5923.2,5900.9,1707.5,1707.6,1682.1,825.4,818.8,797.4,9.7,9.7,9.5
Aug-1991,7632.8,7634.8,7620.7,5929.2,5931.6,5902.2,1703.7,1703.3,1718.5,831.6,828.3,796.6,9.8,9.8,9.5
Sep-1991,7623.4,7644.2,7713.2,5920,5933.6,5952.3,1703.3,1710.6,1760.9,840.9,852.3,854.1,9.9,10,10
Oct-1991,7618.3,7615.3,7638,5911.2,5938.8,5955.2,1707.2,1676.4,1682.7,853.3,844.3,789,10.1,10,9.4
Nov-1991,7618.6,7596.3,7614.9,5902.8,5857.9,5853.8,1715.8,1738.4,1761.1,865.6,860.8,806.2,10.2,10.2,9.6
Dec-1991,7621.9,7615.9,7712.2,5894.6,5896.6,5990.8,1727.4,1719.3,1721.3,874.7,889.6,906,10.3,10.5,10.5
Jan-1992,7625.7,7634.9,7518.9,5885.4,5897.6,5905.9,1740.3,1737.3,1613.1,881.2,879.6,948.6,10.4,10.3,11.2
Feb-1992,7628.5,7649.8,7597.2,5875.7,5883.4,5881.7,1752.7,1766.4,1715.5,887.1,888.2,982.8,10.4,10.4,11.5
Mar-1992,7630.7,7631.2,7646.2,5866.1,5868.2,5858,1764.6,1763,1788.1,894.4,893.7,935.3,10.5,10.5,10.9
Apr-1992,7632.5,7624.3,7644.1,5856.4,5850.9,5838.1,1776.1,1773.4,1806,902.6,890.6,894.6,10.6,10.5,10.5
May-1992,7635.8,7620.2,7631.4,5847.4,5842.9,5822.7,1788.3,1777.3,1808.7,910.9,904.7,901.7,10.7,10.6,10.6
Jun-1992,7640.6,7632.3,7637.3,5839.3,5827.3,5804.7,1801.3,1805,1832.6,918.7,926.1,894.8,10.7,10.8,10.5
Jul-1992,7643.4,7649.2,7668.3,5831.9,5842.1,5868.1,1811.5,1807.2,1800.1,925.9,953.1,904.8,10.8,11.1,10.6
Aug-1992,7642.5,7671.1,7613.4,5824.3,5836.7,5769.7,1818.2,1834.3,1843.7,931.6,920.9,886.2,10.9,10.7,10.4
Sep-1992,7636.1,7634.1,7709.7,5816.5,5820.6,5841.9,1819.5,1813.5,1867.8,936.4,906.3,910.3,10.9,10.6,10.6
Oct-1992,7625.8,7643.6,7665.7,5810.7,5812.5,5828.2,1815,1831.1,1837.5,940.1,952.8,893.7,11,11.1,10.4
Nov-1992,7615.6,7568.8,7587.4,5809.5,5778.5,5774.6,1806.1,1790.2,1812.8,942.4,946.9,888.2,11,11.1,10.5
Dec-1992,7608.9,7598.7,7693.4,5813.8,5810.2,5904.3,1795.1,1788.4,1789.1,942.5,958.4,969.2,11,11.2,11.2
Jan-1993,7607.2,7650.1,7533.7,5823.5,5848.5,5848.9,1783.7,1801.7,1684.8,939.8,928.4,998.9,11,10.8,11.7
Feb-1993,7609.1,7581.6,7531,5836,5820.8,5819.3,1773,1760.8,1711.6,934.4,938.5,1039.3,10.9,11,12.1
Mar-1993,7611.9,7631.3,7645.7,5847.7,5860.1,5849.3,1764.2,1771.2,1796.5,929,928,972.4,10.9,10.8,11.3
Apr-1993,7613.6,7610.3,7572.6,5855.4,5856,5808.2,1758.3,1754.3,1764.3,926.3,916.8,920.9,10.8,10.8,10.8
May-1993,7616,7612.4,7620.5,5858.8,5852.6,5831.1,1757.3,1759.8,1789.4,927,919.5,915.4,10.8,10.8,10.7
Jun-1993,7622.2,7625.1,7627.9,5860.1,5877.2,5852.6,1762.1,1747.9,1775.3,929.8,943,911.2,10.9,11,10.7
Jul-1993,7635.5,7626,7646.5,5863.3,5852.7,5880.7,1772.2,1773.3,1765.8,934,932.6,885.2,10.9,10.9,10.4
Aug-1993,7654.5,7651.8,7589.4,5869.4,5866.7,5796.8,1785.2,1785.1,1792.6,938.2,943.8,909.5,10.9,11,10.7
Sep-1993,7676.9,7669.1,7747.6,5878.4,5861.3,5885.7,1798.5,1807.8,1861.9,941,922.3,927.4,10.9,10.7,10.7
Oct-1993,7701.9,7718.6,7738.8,5890.7,5901.8,5916.6,1811.2,1816.8,1822.2,941.1,948.8,892.6,10.9,10.9,10.3
Nov-1993,7725.8,7729.1,7744.9,5903.7,5908,5902.9,1822.1,1821.1,1842,938.2,949,892.9,10.8,10.9,10.3
Dec-1993,7747.4,7744.7,7842.1,5915.6,5926.9,6024.2,1831.8,1817.8,1817.9,931.5,932,939.3,10.7,10.7,10.7
Jan-1994,7765.9,7763.3,7646.8,5926.1,5916.6,5911,1839.8,1846.6,1735.8,920.8,916.6,983.5,10.6,10.6,11.4
Feb-1994,7783.7,7789.4,7738.6,5936.4,5938.1,5937.3,1847.3,1851.3,1801.3,906.7,904.3,1005.1,10.4,10.4,11.5
Mar-1994,7803.5,7808.5,7824.2,5948.2,5949.3,5937.5,1855.2,1859.2,1886.7,891.1,900.2,945,10.2,10.3,10.8
Apr-1994,7827.6,7811.7,7827.4,5963.8,5950.8,5936,1863.8,1860.9,1891.4,876.2,872.4,876.4,10.1,10,10.1
May-1994,7856.2,7852.5,7857.9,5983,5981.1,5957.3,1873.1,1871.5,1900.6,863.1,849.1,844.4,9.9,9.8,9.7
Jun-1994,7886.4,7874.6,7878.4,6003.8,6015.4,5988.6,1882.6,1859.2,1889.8,851.1,858.6,828.6,9.7,9.8,9.5
Jul-1994,7916,7946.2,7966,6023.6,6023.6,6053.2,1892.4,1922.6,1912.8,839.7,843.5,798.7,9.6,9.6,9.1
Aug-1994,7942.3,7932.1,7861.7,6039.3,6026,5955.5,1903,1906.1,1906.2,828.6,827,796.1,9.4,9.4,9.2
Sep-1994,7964.9,7981,8054.4,6051,6083.7,6104.7,1913.8,1897.3,1949.7,817.9,823.9,829.3,9.3,9.4,9.3
Oct-1994,7984.5,7977.9,7997.2,6059.7,6044.9,6059.4,1924.8,1933,1937.7,808.2,797,750.9,9.2,9.1,8.6
Nov-1994,8004.4,7989.3,8003.3,6068.4,6072.1,6065.6,1936,1917.1,1937.7,798.8,802.9,755,9.1,9.1,8.6
Dec-1994,8027.5,8033.7,8135.5,6080.1,6069.9,6172,1947.4,1963.8,1963.5,789.7,787,791,9,8.9,8.9
Jan-1995,8054.9,8044.7,7928.4,6097,6080.7,6074.1,1957.9,1964,1854.3,780.4,781,836.4,8.8,8.8,9.5
Feb-1995,8085.2,8098.5,8049.9,6118.3,6141.3,6143.1,1966.9,1957.3,1906.7,770.9,784,873.7,8.7,8.8,9.8
Mar-1995,8116.2,8101.8,8118.1,6142.5,6122.6,6110,1973.7,1979.3,2008.1,761.9,762.9,804.1,8.6,8.6,9
Apr-1995,8146.4,8159.9,8174.6,6167.2,6179.5,6163.7,1979.3,1980.4,2010.9,754.2,734,737.8,8.5,8.3,8.3
May-1995,8171.9,8165.2,8165.2,6188.3,6190.7,6162,1983.6,1974.5,2003.2,748.9,755.3,750.8,8.4,8.5,8.4
Jun-1995,8191.9,8200.4,8205.6,6205,6211.3,6180.6,1986.9,1989.1,2025.1,747.7,748.3,723.5,8.4,8.4,8.1
Jul-1995,8207.7,8205.9,8229,6216.4,6205,6238.3,1991.3,2000.9,1990.7,749.4,752.5,708.8,8.4,8.4,7.9
Aug-1995,8221.3,8236.6,8165.9,6224.9,6235.6,6160.9,1996.3,2001,2005,752.5,747.3,718.9,8.4,8.3,8.1
Sep-1995,8235.3,8223.8,8300.4,6232.9,6240.6,6263.6,2002.3,1983.2,2036.7,755,750.9,756.8,8.4,8.4,8.4
Oct-1995,8249.6,8213.9,8232.6,6240.3,6214.5,6228.5,2009.3,1999.4,2004.1,755.6,769.6,725.7,8.4,8.6,8.1
Nov-1995,8263.3,8286.9,8300.3,6247.3,6251.2,6244.6,2016,2035.7,2055.6,755.3,764,719.9,8.4,8.4,8
Dec-1995,8274.4,8289.3,8395.7,6252.4,6254,6360.1,2022,2035.3,2035.5,755.9,733.7,736,8.4,8.1,8.1
Jan-1996,8282.4,8283.4,8166.7,6255.4,6277.3,6265.5,2027,2006.1,1901.2,756.7,764,817.7,8.4,8.4,9.1
Feb-1996,8287.1,8292.3,8246.6,6256.5,6254.8,6259.6,2030.6,2037.5,1987,757.6,753.7,839.7,8.4,8.3,9.2
Mar-1996,8290.1,8265.7,8280.4,6256.9,6234,6220.2,2033.1,2031.7,2060.2,759,759.3,799.2,8.4,8.4,8.8
Apr-1996,8292.4,8293.9,8248,6256.7,6260.1,6207.6,2035.6,2033.8,2040.5,761.3,776.8,782.2,8.4,8.6,8.7
May-1996,8295.7,8300.8,8297.1,6256.9,6261.9,6230.6,2038.9,2038.9,2066.6,764.9,761.8,758.1,8.4,8.4,8.4
Jun-1996,8299.3,8304.6,8311.7,6257.5,6255.5,6222.9,2041.8,2049.2,2088.8,769.1,747.7,723.8,8.5,8.3,8
Jul-1996,8300.6,8306,8332.1,6257.3,6268.9,6303.8,2043.3,2037.1,2028.3,773.8,775.9,727.3,8.5,8.5,8
Aug-1996,8300.5,8300,8265.9,6256.1,6249.8,6208.4,2044.3,2050.2,2057.5,778.4,793.3,763.6,8.6,8.7,8.5
Sep-1996,8300.9,8294.8,8373,6253.9,6249.8,6273.9,2047.1,2044.9,2099,781.7,778.4,785.4,8.6,8.6,8.6
Oct-1996,8304,8301.5,8319.4,6251.8,6251.2,6264.6,2052.2,2050.2,2054.8,783.7,796.2,751.9,8.6,8.8,8.3
Nov-1996,8310.8,8299.5,8314.4,6250.2,6245.1,6240.4,2060.6,2054.4,2073.9,784.3,767.2,722.9,8.6,8.5,8
Dec-1996,8319.3,8324.3,8431.4,6248,6258.8,6366,2071.3,2065.5,2065.4,784.3,784.7,786.9,8.6,8.6,8.5
Jan-1997,8327.2,8337.9,8235.2,6244.5,6246,6264.3,2082.7,2091.9,1971,784,779.7,833.1,8.6,8.6,9.2
Feb-1997,8332.9,8334.3,8291.4,6240.2,6238.3,6246,2092.6,2096,2045.4,783.7,795.2,886.9,8.6,8.7,9.7
Mar-1997,8334.7,8337.3,8347.5,6234.8,6234.1,6218.3,2099.8,2103.1,2129.2,782.9,783.1,823.7,8.6,8.6,9
Apr-1997,8334.1,8330.5,8343.1,6230.2,6226.1,6208.4,2103.9,2104.3,2134.7,781.2,778.8,785.1,8.6,8.5,8.6
May-1997,8333.1,8334.3,8330.2,6227.5,6235,6203,2105.6,2099.3,2127.2,778,778.1,774.9,8.5,8.5,8.5
Jun-1997,8335.6,8335.5,8345.6,6228.3,6220.2,6187.3,2107.2,2115.3,2158.3,772.8,757.8,735.2,8.5,8.3,8.1
Jul-1997,8344.4,8346.1,8374.9,6233.1,6240.6,6276.5,2111.3,2105.5,2098.4,766.2,781.9,731.4,8.4,8.6,8
Aug-1997,8359.6,8333,8250.3,6241.1,6221.4,6143.8,2118.5,2111.6,2106.5,758,770.5,743.4,8.3,8.5,8.3
Sep-1997,8379.3,8394.8,8474,6251.5,6265.5,6290.7,2127.8,2129.3,2183.3,748.5,737.2,744.7,8.2,8.1,8.1
Oct-1997,8400.1,8388.7,8405.2,6262.3,6256.5,6267.2,2137.7,2132.2,2138,738.8,731.9,692.1,8.1,8,7.6
Nov-1997,8419,8446,8462.1,6272.9,6287,6283.8,2146.1,2159,2178.3,730.1,732.9,690.8,8,8,7.5
Dec-1997,8434.3,8432.9,8540.5,6281.9,6270.9,6379.4,2152.4,2161.9,2161.1,723,722.8,720.5,7.9,7.9,7.8
Jan-1998,8445.9,8441.2,8334.7,6287.8,6293.6,6306.1,2158.1,2147.7,2028.6,717.6,719.3,770.1,7.8,7.9,8.5
Feb-1998,8455.5,8452.6,8413,6291.2,6288.8,6301.1,2164.3,2163.8,2111.9,714.4,713.1,794.7,7.8,7.8,8.6
Mar-1998,8464.8,8455.5,8460,6293.3,6294.6,6275.9,2171.4,2160.9,2184,713.2,723.2,757.9,7.8,7.9,8.2
Apr-1998,8475.8,8488,8499.9,6296.7,6312.6,6292.7,2179.1,2175.4,2207.2,714.6,696.7,702.9,7.8,7.6,7.6
May-1998,8489.8,8486.2,8482.5,6303.1,6280.7,6248.3,2186.7,2205.5,2234.2,717.3,713.2,711.2,7.8,7.8,7.7
Jun-1998,8506.7,8505.9,8516.8,6312.6,6303.2,6268.9,2194.1,2202.7,2247.9,719.7,722.8,702.8,7.8,7.8,7.6
Jul-1998,8524.2,8517.9,8541.9,6322.9,6329.6,6365.2,2201.3,2188.3,2176.7,719.8,735.8,686.7,7.8,8,7.4
Aug-1998,8541.3,8530.9,8455.2,6332.7,6335.6,6257,2208.6,2195.3,2198.2,716.1,717.1,690.2,7.7,7.8,7.5
Sep-1998,8556,8573.6,8653.2,6339.8,6356.2,6381.4,2216.1,2217.5,2271.8,708,709.1,716.1,7.6,7.6,7.6
Oct-1998,8567.5,8585.2,8601,6344.4,6351.5,6360.7,2223.1,2233.7,2240.3,696.7,676.7,640.4,7.5,7.3,6.9
Nov-1998,8576.8,8557.4,8554.3,6347.8,6323.4,6324.1,2229,2234,2230.2,683.9,707.2,665.3,7.4,7.6,7.2
Dec-1998,8583.7,8586.4,8696.5,6351,6347.9,6460.4,2232.6,2238.5,2236.2,672.9,663,659.1,7.3,7.2,7
Jan-1999,8589.8,8585.8,8477.4,6355.6,6363.7,6373.1,2234.2,2222.1,2104.3,664.2,657.3,702.5,7.2,7.1,7.7
Feb-1999,8597.1,8593.7,8556.5,6361.4,6361.3,6377.3,2235.7,2232.5,2179.2,656.5,658.8,735.8,7.1,7.1,7.9
Mar-1999,8607.3,8620.3,8618.9,6368.5,6379.1,6358.4,2238.8,2241.2,2260.5,648.5,649.6,683.5,7,7,7.3
Apr-1999,8620.1,8622.1,8631.9,6377,6380.4,6356.6,2243.1,2241.7,2275.4,641.5,645.4,652.8,6.9,7,7
May-1999,8634.6,8610.2,8606.5,6387.2,6361,6327.8,2247.4,2249.2,2278.7,637.3,649.3,649,6.9,7,7
Jun-1999,8650.7,8661.2,8673.2,6400,6403.9,6368.2,2250.7,2257.2,2305,635.7,617.1,600.6,6.8,6.7,6.5
Jul-1999,8670.4,8679.2,8706.7,6416.6,6423.7,6460.8,2253.8,2255.5,2245.8,634.9,619,575.5,6.8,6.7,6.2
Aug-1999,8691.8,8687.2,8603.6,6434.4,6436.9,6356.9,2257.4,2250.4,2246.7,634.7,644.6,619.7,6.8,6.9,6.7
Sep-1999,8712.1,8700,8777.1,6449.6,6443.8,6466.9,2262.5,2256.2,2310.2,634.2,659.5,668.8,6.8,7,7.1
Oct-1999,8729.3,8741.2,8755.3,6460.1,6468,6474.7,2269.2,2273.2,2280.5,632.9,634.6,600.3,6.8,6.8,6.4
Nov-1999,8744.3,8750,8763.7,6466.9,6471.1,6467.3,2277.5,2278.8,2296.4,630.6,602.8,565.7,6.7,6.4,6.1
Dec-1999,8759.8,8786.3,8900.7,6472.1,6489.2,6606.9,2287.7,2297.1,2293.7,627.7,628,625.7,6.7,6.7,6.6
Jan-2000,8777,8736.4,8628.2,6478.5,6453.1,6458.7,2298.5,2283.3,2169.5,624.6,633.8,674.8,6.6,6.8,7.3
Feb-2000,8797.4,8788.4,8754.4,6489,6475.3,6496.9,2308.4,2313.1,2257.5,621.2,623.3,699.2,6.6,6.6,7.4
Mar-2000,8823.8,8836.4,8830.7,6505.5,6520.9,6498.2,2318.3,2315.5,2332.5,616,620.3,652.8,6.5,6.6,6.9
Apr-2000,8857.3,8873.2,8882.2,6528.7,6534.1,6506.9,2328.7,2339,2375.3,607.7,603.1,612.2,6.4,6.4,6.4
May-2000,8895.8,8869.5,8865,6555.8,6525,6490.4,2340,2344.5,2374.6,596.3,606.6,607.3,6.3,6.4,6.4
Jun-2000,8931.4,8909.2,8922,6581.4,6588.5,6551.7,2350.1,2320.7,2370.3,585.1,579.8,564.3,6.1,6.1,5.9
Jul-2000,8956.9,8991.4,9020,6600.3,6624.3,6661.4,2356.6,2367.1,2358.6,577.5,567.6,525.6,6.1,5.9,5.5
Aug-2000,8968.6,8988.2,8911.6,6608.8,6603,6522.2,2359.7,2385.2,2389.4,573.6,579.1,556.1,6,6.1,5.9
Sep-2000,8968.4,8983.6,9061.3,6606.4,6627.6,6649.3,2362,2356,2412,573.8,570,578.1,6,6,6
Oct-2000,8959,8960,8973.1,6595.3,6588.2,6593.2,2363.6,2371.8,2379.9,577.4,572.2,541.1,6.1,6,5.7
Nov-2000,8946.8,8902.1,8912.7,6580.3,6571.7,6568.5,2366.6,2330.4,2344.3,583.6,595.4,557.4,6.1,6.3,5.9
Dec-2000,8940.3,8944.7,9059.6,6567.9,6568.3,6688.6,2372.4,2376.3,2370.9,591.8,594.5,592.2,6.2,6.2,6.1
Jan-2001,8944.3,8949.1,8834.9,6561.8,6539.9,6534,2382.5,2409.2,2300.9,601.6,585.3,625.7,6.3,6.1,6.6
Feb-2001,8957.2,8953.5,8920.9,6559.4,6555.7,6580.9,2397.7,2397.8,2340,613,622.8,700.4,6.4,6.5,7.3
Mar-2001,8974.1,8963.3,8956,6556.6,6576.2,6552.6,2417.4,2387.1,2403.5,625.2,618,650.2,6.5,6.5,6.8
Apr-2001,8990.9,9014,9023.6,6550.2,6557.4,6528.1,2440.7,2456.7,2495.6,650.4,654.7,663.6,6.7,6.8,6.9
May-2001,9004.5,9007.5,9004.6,6539.1,6553,6518.4,2465.4,2454.6,2486.2,659.2,665.3,664.2,6.8,6.9,6.9
Jun-2001,9015.1,9003.8,9021.9,6525.9,6519.6,6483.9,2489.2,2484.2,2537.9,665.8,670.1,651.5,6.9,6.9,6.7
Jul-2001,9024.2,9024,9048.9,6514.6,6492.3,6526.8,2509.6,2531.6,2522,670.2,665.1,611.9,6.9,6.9,6.3
Aug-2001,9031.4,9046.1,8971.9,6508.9,6509.8,6431.8,2522.6,2536.3,2540.1,673.6,668.8,638.1,6.9,6.9,6.6
Sep-2001,9039,9027.3,9105.9,6510.2,6507.1,6603.8,2528.8,2520.2,2502.2,676.8,663.1,671.2,7,6.8,6.9
Oct-2001,9049.5,9045.4,9058.7,6517.3,6526.4,6528,2532.3,2519,2530.7,678.1,700,657.9,7,7.2,6.8
Nov-2001,9063.4,9071.8,9055.6,6526,6524.6,6525.6,2537.4,2547.2,2530.1,676.2,671.8,626.3,6.9,6.9,6.5
Dec-2001,9078.5,9064.9,9177.1,6535,6538.6,6658.4,2543.5,2526.3,2518.7,669.1,666.9,660,6.9,6.9,6.7
Jan-2002,9094,9090.7,8993.4,6542.7,6542.8,6575.4,2551.4,2547.9,2418,658.2,674.2,734.8,6.7,6.9,7.6
Feb-2002,9107.9,9126.3,9092.3,6548.4,6541.8,6571.3,2559.6,2584.5,2521,645.4,638.1,719.9,6.6,6.5,7.3
Mar-2002,9119.7,9131.6,9128.5,6553.3,6565.8,6542.4,2566.4,2565.8,2586.1,633.6,626.5,660,6.5,6.4,6.7
Apr-2002,9131,9118.8,9129.5,6558.6,6544,6513.6,2572.4,2574.8,2616,625.4,616.7,625.7,6.4,6.3,6.4
May-2002,9143.8,9134.8,9134.7,6564.4,6589.8,6557,2579.4,2545,2577.7,621.2,620.2,620.9,6.4,6.4,6.4
Jun-2002,9158.9,9160.1,9180.8,6570.3,6544.1,6509.4,2588.7,2616,2671.4,619.1,635.8,619.7,6.3,6.5,6.3
Jul-2002,9176.7,9167.1,9194.5,6576.6,6572.6,6604.1,2600.2,2594.5,2590.4,618.4,602.8,553,6.3,6.2,5.7
Aug-2002,9198.8,9223,9150.3,6584.6,6613.3,6537.1,2614.2,2609.7,2613.2,617.6,626.4,595.2,6.3,6.4,6.1
Sep-2002,9226.7,9226.2,9303.5,6597.4,6591.2,6687.6,2629.3,2635,2615.9,615.4,621.9,631.4,6.3,6.3,6.4
Oct-2002,9260,9234.3,9249.1,6615.9,6593.2,6591.5,2644.1,2641.1,2657.6,612.6,601.8,566.2,6.2,6.1,5.8
Nov-2002,9295.5,9284.8,9286.7,6637.1,6624.5,6621.5,2658.3,2660.3,2665.2,609.9,610,565.9,6.2,6.2,5.7
Dec-2002,9329.4,9327.3,9439.7,6658,6665.4,6787,2671.4,2661.8,2652.7,607.6,613.8,607.4,6.1,6.2,6
Jan-2003,9356.9,9383.6,9281.7,6673.5,6690,6717.4,2683.4,2693.6,2564.3,605.6,606.5,663,6.1,6.1,6.7
Feb-2003,9372.7,9405.4,9372.6,6680.5,6709.8,6744.8,2692.2,2695.7,2627.8,604.4,595.3,673.2,6.1,6,6.7
Mar-2003,9376,9359.1,9362.1,6678,6665,6642,2697.9,2694.1,2720.1,604.5,610.3,642.9,6.1,6.1,6.4
Apr-2003,9370,9357.1,9365.6,6669.4,6656.2,6623,2700.5,2700.9,2742.6,604.4,599.4,608.9,6.1,6,6.1
May-2003,9363,9375.2,9380.1,6662.5,6679.3,6647.9,2700.5,2695.9,2732.2,603.4,604.4,605.9,6.1,6.1,6.1
Jun-2003,9362,9351.2,9370.4,6663.7,6637.5,6601.4,2698.3,2713.7,2769.1,600.9,602.3,587.6,6,6.1,5.9
Jul-2003,9369.7,9342.9,9363.9,6674.8,6663.7,6693.2,2694.9,2679.1,2670.8,596.2,609.1,557.6,6,6.1,5.6
Aug-2003,9385.2,9398.9,9327,6694.7,6705.2,6631.1,2690.5,2693.7,2695.8,589.4,581.3,552.4,5.9,5.8,5.6
Sep-2003,9403.6,9408.5,9486.1,6718.5,6718,6814.2,2685,2690.5,2671.9,582,577,583.8,5.8,5.8,5.8
Oct-2003,9421.8,9431.9,9447.8,6742.2,6750.4,6744.6,2679.6,2681.5,2703.1,574.9,577.8,544.3,5.8,5.8,5.4
Nov-2003,9438.2,9429.7,9427.7,6763.1,6763.8,6760.3,2675.2,2666,2667.4,569.1,565.6,523.4,5.7,5.7,5.3
Dec-2003,9452,9459.6,9573.6,6778.7,6775.4,6898.1,2673.2,2684.2,2675.5,564.3,569.3,563.4,5.6,5.7,5.6
Jan-2004,9463.7,9462.7,9363.8,6789.1,6805.1,6827.2,2674.6,2657.6,2536.6,559.7,553.2,603.8,5.6,5.5,6.1
Feb-2004,9475.4,9464.8,9434.5,6796.7,6778.3,6818.3,2678.7,2686.5,2616.2,555.1,565.7,640.8,5.5,5.6,6.4
Mar-2004,9487.9,9498.2,9506.4,6803.2,6818.6,6796,2684.8,2679.6,2710.4,551.2,545.2,575.9,5.5,5.4,5.7
Apr-2004,9500.2,9507.8,9512,6809.2,6813.5,6778.7,2691,2694.2,2733.4,549.7,553.3,561.8,5.5,5.5,5.6
May-2004,9512.9,9524.2,9533.5,6816.4,6814.2,6785.4,2696.4,2710.1,2748,550.1,535.7,538.1,5.5,5.3,5.3
Jun-2004,9528,9528.7,9543.3,6826.2,6831.5,6793.7,2701.8,2697.2,2749.6,550.9,550.2,537.3,5.5,5.5,5.3
Jul-2004,9547.3,9537.4,9553.1,6839.5,6837.9,6865,2707.8,2699.5,2688.1,550.4,559.8,512.3,5.5,5.5,5.1
Aug-2004,9571.3,9533.6,9462.1,6855.7,6846,6773,2715.7,2687.6,2689.1,547.2,558,529.4,5.4,5.5,5.3
Sep-2004,9600.3,9591.1,9668.6,6874.7,6860,6956.7,2725.6,2731.1,2711.9,540.9,544.6,551.3,5.3,5.4,5.4
Oct-2004,9633.1,9645.4,9662.2,6896.4,6910.6,6900.9,2736.7,2734.8,2761.3,532.8,519.9,490.1,5.2,5.1,4.8
Nov-2004,9669,9678.9,9652.9,6920.7,6924.7,6928.2,2748.2,2754.3,2724.8,525.7,526.8,485.9,5.2,5.2,4.8
Dec-2004,9706.2,9692,9807.8,6946.8,6936.5,7059.5,2759.4,2755.5,2748.3,521.9,517,514.1,5.1,5.1,5
Jan-2005,9742.5,9741.6,9634.4,6973.2,6965.3,6974.7,2769.3,2776.3,2659.7,522.2,520.2,568.9,5.1,5.1,5.6
Feb-2005,9776.1,9774.3,9744.6,6998.3,7012.6,7057.6,2777.8,2761.7,2687,524.6,523.1,592,5.1,5.1,5.7
Mar-2005,9807.3,9815.5,9828.3,7021.6,7014.5,6990.9,2785.7,2801,2837.4,526.6,533.5,565.3,5.1,5.2,5.4
Apr-2005,9836.3,9854.1,9856.3,7042.7,7061.4,7025.6,2793.5,2792.7,2830.7,526.3,531.2,539.5,5.1,5.1,5.2
May-2005,9862.5,9838.8,9850.8,7059.8,7033.2,7005.5,2802.8,2805.6,2845.2,524.3,527.5,530.7,5,5.1,5.1
Jun-2005,9885,9884.8,9896.6,7071.4,7086.9,7047.2,2813.6,2797.9,2849.4,521.4,514.4,502.5,5,4.9,4.8
Jul-2005,9904,9899.4,9912.3,7078,7077.6,7104,2825.9,2821.8,2808.3,518.4,517.3,473.6,5,5,4.6
Aug-2005,9919.2,9942.8,9870.3,7081.8,7095.6,7023,2837.4,2847.2,2847.4,517,513.4,486.6,5,4.9,4.7
Sep-2005,9929.9,9927.8,10004.6,7085,7082.5,7180.7,2844.9,2845.3,2823.8,518.5,522.6,527.7,5,5,5
Oct-2005,9937.7,9932.7,9949.7,7089.4,7063.8,7048.6,2848.3,2868.9,2901.1,522.2,523.5,494,5,5,4.7
Nov-2005,9945,9945,9945,7096.4,7107.9,7109.2,2848.6,2837.1,2835.8,526.7,516.1,476.4,5,4.9,4.6
Dec-2005,9954.9,9957,10074.7,7106,7099,7221,2848.9,2858,2853.7,530,531.5,525.8,5.1,5.1,5
Jan-2006,9969.9,9951.6,9842.7,7118.1,7130.6,7133,2851.8,2821,2709.7,531.1,541.7,591.5,5.1,5.2,5.7
Feb-2006,9990.6,9991.9,9961.1,7131.4,7136.7,7184,2859.2,2855.2,2777.1,529.2,536.8,606.7,5,5.1,5.7
Mar-2006,10016.3,10033.6,10048.7,7146.1,7139.1,7115.2,2870.2,2894.5,2933.4,524.6,512.6,542.8,5,4.9,5.1
Apr-2006,10046.6,10040.4,10041,7164.4,7158.2,7122.5,2882.3,2882.2,2918.5,518.6,523.7,533,4.9,5,5
May-2006,10080.5,10069,10082.1,7187.4,7182.9,7157.8,2893.2,2886.2,2924.3,512.3,506.5,509.9,4.8,4.8,4.8
Jun-2006,10114.4,10108.6,10120.8,7213.3,7208.4,7169.6,2901.2,2900.2,2951.2,506.7,510.2,498.2,4.8,4.8,4.7
Jul-2006,10146.2,10159.8,10170.8,7238.6,7244.6,7268.2,2907.6,2915.2,2902.6,501.9,495.7,454.6,4.7,4.7,4.3
Aug-2006,10174.4,10177.5,10105.8,7261.1,7268.4,7196.8,2913.3,2909.1,2909,497.5,504,477.5,4.7,4.7,4.5
Sep-2006,10198.9,10222.6,10299.5,7279.6,7307.4,7409.7,2919.4,2915.2,2889.8,493.6,500,504.5,4.6,4.7,4.7
Oct-2006,10219.7,10195.4,10212.4,7295.9,7270.9,7251,2923.8,2924.6,2961.4,491.1,475.5,449.6,4.6,4.5,4.2
Nov-2006,10238.6,10225.7,10201.6,7312.5,7298.2,7307.1,2926.1,2927.5,2894.5,490.4,483.3,446.7,4.6,4.5,4.2
Dec-2006,10258.7,10281.9,10404.3,7332,7341.7,7465.7,2926.7,2940.2,2938.6,490.2,492,487,4.6,4.6,4.5
Jan-2007,10282.2,10270.4,10156.1,7355.6,7352.6,7345.6,2926.6,2917.9,2810.6,489.6,490.2,534.5,4.5,4.6,5
Feb-2007,10308.7,10306.8,10277,7381.9,7380.8,7429.2,2926.8,2926,2847.7,487.2,500.3,567.2,4.5,4.6,5.2
Mar-2007,10336.8,10336.3,10349.2,7408.7,7418.6,7393.4,2928.1,2917.7,2955.8,483,482.1,512,4.5,4.5,4.7
Apr-2007,10366.1,10364.9,10362.9,7432.5,7416.1,7379.3,2933.7,2948.7,2983.6,477.2,474.8,483.4,4.4,4.4,4.5
May-2007,10395.2,10401.5,10412,7452.3,7475.4,7452.2,2942.9,2926.1,2959.8,471,462.5,465.3,4.3,4.3,4.3
Jun-2007,10423.9,10423.5,10436.3,7470.2,7464.1,7424.8,2953.7,2959.4,3011.5,466.8,471,459,4.3,4.3,4.2
Jul-2007,10450.8,10445.4,10456.8,7487.6,7483.2,7506.1,2963.2,2962.3,2950.8,465.9,463.5,426.1,4.3,4.2,3.9
Aug-2007,10475.6,10482.6,10406.4,7504.7,7511.4,7437.7,2970.9,2971.2,2968.7,468.4,471.5,446.8,4.3,4.3,4.1
Sep-2007,10500.5,10512.8,10588.8,7522.7,7497.7,7602.7,2977.8,3015.1,2986.1,472.3,461.8,465.6,4.3,4.2,4.2
Oct-2007,10526.4,10503.6,10520.5,7541.9,7561.3,7537.9,2984.4,2942.3,2982.6,474.3,474.1,449.4,4.3,4.3,4.1
Nov-2007,10554.9,10558.2,10535.1,7561.9,7563.2,7574.5,2993,2995,2960.6,473.1,488.4,451.3,4.3,4.4,4.1
Dec-2007,10585.1,10581.9,10710.1,7581,7582.2,7710.1,3004.1,2999.7,3000.1,469.4,476.3,470.8,4.2,4.3,4.2
Jan-2008,10615.1,10618,10524.9,7596.1,7579.4,7618.1,3019,3038.6,2906.8,464.9,467.5,503.3,4.2,4.2,4.6
Feb-2008,10642.6,10647.9,10622.9,7608.4,7633.5,7684.7,3034.3,3014.4,2938.2,462.2,440.8,500.4,4.2,4,4.5
Mar-2008,10667.4,10669.2,10677.4,7622.1,7623.5,7596.2,3045.3,3045.8,3081.2,462,451,479.7,4.2,4.1,4.3
Apr-2008,10689.8,10707.1,10706.2,7640.9,7635.3,7599.3,3048.8,3071.8,3106.9,464.2,476.3,484.1,4.2,4.3,4.3
May-2008,10711.2,10680,10690.3,7665.3,7633.2,7613.6,3045.9,3046.8,3076.7,467.3,475.2,478.3,4.2,4.3,4.3
Jun-2008,10732.4,10732.7,10745,7691.1,7672.8,7631.9,3041.3,3059.9,3113.1,469.8,475.7,462.7,4.2,4.2,4.1
Jul-2008,10751.8,10749.7,10762,7712.3,7746.2,7768.3,3039.6,3003.5,2993.6,470.5,476.7,439.8,4.2,4.2,3.9
Aug-2008,10767.8,10791.6,10710.4,7724.7,7761.3,7684.6,3043.1,3030.3,3025.8,470.9,451.3,429.4,4.2,4,3.9
Sep-2008,10779.6,10776.6,10854.6,7727.7,7720.8,7830.7,3051.9,3055.8,3023.9,473.8,482.2,484.9,4.2,4.3,4.3
Oct-2008,10786.5,10786.5,10807.4,7720,7701.9,7677.2,3066.6,3084.6,3130.2,484.5,482.9,458.7,4.3,4.3,4.1
Nov-2008,10789.4,10778.6,10757.3,7706.1,7703.1,7717.2,3083.3,3075.6,3040.1,504.3,502.8,465.9,4.5,4.5,4.2
Dec-2008,10790.1,10789.2,10915.6,7691.2,7665.4,7790.4,3099,3123.8,3125.2,531.6,516.4,506.5,4.7,4.6,4.4
Jan-2009,10789.7,10790.4,10681,7678.1,7721,7728.3,3111.6,3069.4,2952.7,563.8,556.6,600,5,4.9,5.3
Feb-2009,10787.6,10803.3,10776.7,7666.1,7662.1,7710,3121.5,3141.2,3066.8,596.5,604.3,683.9,5.2,5.3,6
Mar-2009,10783.8,10770,10775.2,7652.1,7618.8,7590.8,3131.7,3151.2,3184.4,625,652.4,693,5.5,5.7,6
Apr-2009,10779.1,10792.8,10792.7,7635.4,7664.9,7629.3,3143.7,3127.9,3163.4,646,628.9,637,5.7,5.5,5.6
May-2009,10775.8,10772.3,10786.8,7617.7,7615.9,7602.8,3158.1,3156.3,3184,657.5,663.8,667.5,5.8,5.8,5.8
Jun-2009,10775.6,10754.3,10770.9,7601.3,7596.7,7558.3,3174.3,3157.7,3212.7,660.7,670.2,654.7,5.8,5.9,5.7
Jul-2009,10779.8,10797.2,10808.8,7588.5,7595,7615.7,3191.4,3202.2,3193.1,658.9,648.7,601.7,5.8,5.7,5.3
Aug-2009,10790.4,10787.3,10707.3,7582,7569.8,7497.2,3208.4,3217.5,3210.1,654.8,653.1,623.5,5.7,5.7,5.5
Sep-2009,10808,10808.7,10882.1,7581.9,7578.1,7689.1,3226.2,3230.6,3193,648.9,647.3,647.2,5.7,5.7,5.6
Oct-2009,10831.4,10818.8,10845.2,7588.1,7580.7,7556.1,3243.3,3238.1,3289.1,641.2,643.9,613.7,5.6,5.6,5.4
Nov-2009,10858,10849.1,10829.2,7598.5,7606.7,7624.6,3259.4,3242.4,3204.6,633.3,637.5,593.4,5.5,5.5,5.2
Dec-2009,10882.7,10888,11010.9,7609.9,7617.4,7739,3272.8,3270.6,3272,627.4,632,619.1,5.5,5.5,5.3
Jan-2010,10903.1,10933.8,10809.9,7622.5,7636.1,7630.2,3280.6,3297.7,3179.7,622.9,607.3,654.1,5.4,5.3,5.7
Feb-2010,10918.2,10918.7,10889.2,7635.4,7621,7666.2,3282.8,3297.7,3222.9,620,610.7,690.5,5.4,5.3,6
Mar-2010,10929.6,10925.1,10928.9,7648.8,7635.1,7607.1,3280.8,3290,3321.8,618.2,626.4,666.6,5.4,5.4,5.7
Apr-2010,10942.2,10935.7,10940.1,7665.6,7676.3,7642.9,3276.6,3259.3,3297.2,615.4,635.9,642.7,5.3,5.5,5.5
May-2010,10959.6,10938.4,10957.4,7686.3,7693.6,7685.5,3273.4,3244.8,3271.9,611.3,602.7,604.6,5.3,5.2,5.2
Jun-2010,10984.4,10991.9,11009.3,7710.6,7711.9,7673.6,3273.8,3280,3335.6,606.8,596.9,580.3,5.2,5.2,5
Jul-2010,11015.8,11016.5,11030.5,7737.5,7710.8,7732.4,3278.3,3305.7,3298.1,602.6,614.6,572,5.2,5.3,4.9
Aug-2010,11051.3,11058.4,10973.8,7765,7775.2,7699.9,3286.3,3283.2,3273.9,599.4,584.6,559.3,5.1,5,4.8
Sep-2010,11086.4,11086,11159.4,7790.9,7814.2,7928.2,3295.5,3271.8,3231.2,597.7,589.6,592.1,5.1,5,5
Oct-2010,11119,11102.7,11129,7816.1,7791.2,7765.3,3302.9,3311.5,3363.7,596.2,619.3,589.8,5.1,5.3,5
Nov-2010,11147.3,11161.7,11144.5,7841,7856.9,7877.1,3306.4,3304.8,3267.4,593.6,599.8,558.2,5.1,5.1,4.8
Dec-2010,11169.1,11171,11295,7861.9,7857.1,7980.7,3307.2,3313.9,3314.3,589.9,571.7,561.5,5,4.9,4.7
Jan-2011,11183.3,11196.2,11063.7,7877,7859.7,7839.3,3306.3,3336.5,3224.3,586.1,589.1,631.1,5,5,5.4
Feb-2011,11189.8,11173.7,11146.2,7885.9,7894.1,7938.4,3303.9,3279.6,3207.8,582.7,585,662.7,4.9,5,5.6
Mar-2011,11190.8,11214.7,11217,7889.3,7930.5,7902.3,3301.5,3284.2,3314.7,581,580.8,619.2,4.9,4.9,5.2
Apr-2011,11190.1,11180,11186.5,7887.5,7881.5,7848.8,3302.6,3298.5,3337.8,582.6,583.6,588.2,4.9,5,5
May-2011,11192.1,11172.4,11196.2,7884.4,7835.2,7830.8,3307.7,3337.1,3365.4,587.4,588.6,589.8,5,5,5
Jun-2011,11199.6,11204.6,11221.3,7883.2,7906.5,7869.8,3316.4,3298.1,3351.4,594.1,580.9,564.2,5,4.9,4.8
Jul-2011,11210.2,11208.5,11227.5,7883.8,7882.6,7906.9,3326.4,3325.8,3320.6,602.2,600.9,562.6,5.1,5.1,4.8
Aug-2011,11222.7,11218.7,11130.6,7887.6,7886,7809.3,3335.1,3332.7,3321.3,610.1,622.4,597,5.2,5.3,5.1
Sep-2011,11234.1,11249.4,11321,7894.4,7899.1,8013.9,3339.6,3350.3,3307.1,615.3,618.6,620.5,5.2,5.2,5.2
Oct-2011,11244,11250.5,11273.9,7903.1,7917,7890.6,3340.8,3333.5,3383.3,617.5,615.7,588.7,5.2,5.2,5
Nov-2011,11252.1,11252.6,11240.3,7912.3,7883.3,7906.9,3339.8,3369.4,3333.4,616.8,619.7,578.1,5.2,5.2,4.9
Dec-2011,11262.1,11233.1,11354.4,7923.5,7918.5,8040.7,3338.7,3314.6,3313.7,614.1,613.9,601.7,5.2,5.2,5
Jan-2012,11275.9,11299.2,11158.7,7936.4,7957.2,7921.6,3339.5,3342,3237.1,611.4,599.2,642,5.1,5,5.4
Feb-2012,11292.5,11266.7,11235.6,7947.5,7946,7986.9,3344.9,3320.6,3248.8,610.4,618,699.1,5.1,5.2,5.9
Mar-2012,11309.5,11330.3,11331.9,7955.2,7964.6,7936.8,3354.3,3365.7,3395.2,610.2,618.4,659.4,5.1,5.2,5.5
Apr-2012,11324.4,11315.6,11328.7,7959,7941.1,7911,3365.4,3374.5,3417.7,610.7,595.3,599,5.1,5,5
May-2012,11336,11360.8,11390,7961.7,7984.3,7983.7,3374.3,3376.5,3406.3,613.2,621.3,620.4,5.1,5.2,5.2
Jun-2012,11344.9,11334.4,11352.5,7967,7957.7,7924,3377.9,3376.7,3428.5,617.8,619.4,598.8,5.2,5.2,5
Jul-2012,11351.9,11341.4,11365.1,7976.4,7961.2,7987.7,3375.5,3380.2,3377.4,623.9,619.5,582.8,5.2,5.2,4.9
Aug-2012,11358.9,11352.6,11260.8,7989.2,7974.4,7895.2,3369.7,3378.3,3365.5,630.7,614.5,590.1,5.3,5.1,5
Sep-2012,11368.2,11384.1,11453.7,8003.4,8021,8134.7,3364.8,3363.1,3319,636.8,658.7,660.5,5.3,5.5,5.5
Oct-2012,11381.6,11385.1,11402,8015.8,8034.8,8005.8,3365.8,3350.4,3396.2,641.3,651.1,623.1,5.3,5.4,5.2
Nov-2012,11397.3,11380.7,11373.9,8023.4,8014.6,8040.2,3373.9,3366.1,3333.7,645.1,629.7,588.7,5.4,5.2,4.9
Dec-2012,11413.6,11395.4,11516.4,8025.4,8006.4,8130.2,3388.2,3388.9,3386.2,649.4,652,637.1,5.4,5.4,5.2
Jan-2013,11428.3,11451.8,11301,8022,8055.7,7998.3,3406.3,3396.1,3302.6,654.7,650,695.7,5.4,5.4,5.8
Feb-2013,11440.6,11460.5,11420.1,8015.8,8006.2,8042.6,3424.8,3454.3,3377.5,661.4,655.1,740,5.5,5.4,6.1
Mar-2013,11449.2,11428.2,11431.5,8008.9,7988.5,7962.1,3440.3,3439.7,3469.5,669.5,681.3,725,5.5,5.6,6
Apr-2013,11453.3,11457.8,11475.4,8003.1,8017.4,7989.5,3450.2,3440.4,3485.9,677.7,678.8,681.9,5.6,5.6,5.6
May-2013,11454.4,11450.6,11485.4,7998.5,7997.4,7999.9,3455.8,3453.2,3485.5,684.1,678,675.8,5.6,5.6,5.6
Jun-2013,11455.2,11463.5,11485.8,7995.7,7991.3,7962.2,3459.5,3472.2,3523.7,688.8,695.9,672.2,5.7,5.7,5.5
Jul-2013,11456.3,11447.6,11473.8,7992.7,7983.9,8011.2,3463.5,3463.7,3462.6,692.3,684,645.9,5.7,5.6,5.3
Aug-2013,11455.7,11448.5,11355.6,7986.4,7990.7,7911.9,3469.3,3457.7,3443.7,695.4,705.8,679.5,5.7,5.8,5.6
Sep-2013,11451.5,11466,11533,7974.5,7998.9,8112.4,3477,3467.1,3420.6,698.9,689.6,692,5.8,5.7,5.7
Oct-2013,11446.1,11461.9,11476.5,7960.3,7960,7930.2,3485.8,3501.9,3546.2,703,707.2,679.1,5.8,5.8,5.6
Nov-2013,11444.8,11443.7,11439.8,7947.9,7952.6,7979.9,3496.9,3491.1,3459.9,707,701.2,656.5,5.8,5.8,5.4
Dec-2013,11449.8,11416.3,11531.2,7941.8,7909,8028.9,3508,3507.3,3502.3,710.1,712.4,693.8,5.8,5.9,5.7
Jan-2014,11461.5,11452.8,11316.8,7944.8,7937.7,7924.9,3516.7,3515.1,3391.9,712.1,720.1,770.8,5.9,5.9,6.4
Feb-2014,11477.8,11478.7,11457.5,7956.8,7959,8056.8,3521,3519.7,3400.6,714.1,713.8,836.2,5.9,5.9,6.8
Mar-2014,11495.9,11522.5,11528.4,7974.6,7983.1,7959.2,3521.3,3539.4,3569.2,717.5,718.3,766.4,5.9,5.9,6.2
Apr-2014,11512.4,11526.2,11547.2,7992.6,8000.4,7974.2,3519.8,3525.8,3573.1,722.8,712.6,713.4,5.9,5.8,5.8
May-2014,11524.1,11505.2,11546.1,8006.4,8013.6,8019.9,3517.7,3491.6,3526.3,730.9,722.2,717,6,5.9,5.8
Jun-2014,11529.8,11522.5,11546.4,8013.3,7998.9,7972.3,3516.4,3523.6,3574.1,741.6,747.6,721.2,6,6.1,5.9
Jul-2014,11531.9,11539.2,11533.9,8014,8026.3,8040,3518,3512.9,3493.9,752.6,765.8,740.6,6.1,6.2,6
Aug-2014,11533.5,11545.3,11565.4,8011,8016,7960.2,3522.5,3529.3,3605.2,761.6,752.6,733.1,6.2,6.1,6
Sep-2014,11537.1,11544.2,11525.8,8006.7,8006,7973.9,3530.3,3538.2,3551.9,767.4,765.4,745.8,6.2,6.2,6.1
Oct-2014,11546,11529.6,11541.7,8005.4,8006.7,7976.7,3540.6,3522.9,3565,770,781.3,750.3,6.3,6.3,6.1
Nov-2014,11561.6,11543.5,11572.3,8009.9,7986.8,8007.6,3551.7,3556.7,3564.7,770.5,772.1,722.6,6.2,6.3,5.9
Dec-2014,11584.3,11591.2,11703.9,8020.8,8027.1,8147.3,3563.5,3564.1,3556.6,769.8,749.5,731.3,6.2,6.1,5.9
Jan-2015,11611.9,11598.3,11456,8036.2,8025.7,7999.9,3575.7,3572.6,3456.1,767,782.8,836.3,6.2,6.3,6.8
Feb-2015,11640.2,11664.9,11712.4,8053.9,8062.5,8146.8,3586.3,3602.5,3565.6,763,764.4,836.6,6.2,6.1,6.7
Mar-2015,11665.8,11679.5,11686.9,8070.4,8092.5,8070.7,3595.4,3587.1,3616.2,759.7,758.6,808.4,6.1,6.1,6.5
Apr-2015,11686.5,11674.5,11697.8,8083.6,8075.6,8050.9,3602.9,3598.9,3646.9,759.3,765.9,764.7,6.1,6.2,6.1
May-2015,11703.3,11702.9,11767.9,8093.5,8083.6,8102.3,3609.8,3619.3,3665.5,761.7,736.5,730.3,6.1,5.9,5.8
Jun-2015,11720.3,11714.1,11738.9,8101.9,8104,8078.2,3618.4,3610,3660.7,765.7,756.7,729.8,6.1,6.1,5.9
Jul-2015,11742,11749.7,11746.5,8113.1,8124.5,8140.6,3628.9,3625.2,3605.9,768,795.3,770.7,6.1,6.3,6.2
Aug-2015,11769.5,11767.5,11687.4,8128,8115.7,8044.2,3641.5,3651.8,3643.3,767.5,769.7,761.1,6.1,6.1,6.1
Sep-2015,11801.4,11774.5,11755.9,8146.5,8133.7,8099.3,3654.9,3640.7,3656.6,762.8,771.2,753.4,6.1,6.1,6
Oct-2015,11833.2,11836.6,11848.7,8165.3,8164.1,8133.1,3667.9,3672.5,3715.5,754.8,746.2,715.1,6,5.9,5.7
Nov-2015,11861.6,11887.6,11917.7,8180.8,8189.6,8210.8,3680.8,3698.1,3706.9,745.4,737.2,689.4,5.9,5.8,5.5
Dec-2015,11883.9,11892.6,12005.5,8189.1,8212.2,8335.7,3694.7,3680.4,3669.7,736.4,720.8,703.8,5.8,5.7,5.5
Jan-2016,11898.2,11889.1,11739.5,8189.4,8177,8140.9,3708.8,3712,3598.6,730.1,761.2,815.1,5.8,6,6.5
Feb-2016,11906.6,11904.8,11951.2,8183.1,8194.2,8277.6,3723.5,3710.6,3673.5,726.5,719.5,787.4,5.8,5.7,6.2
Mar-2016,11912.8,11914,11920.8,8175,8169.9,8147.9,3737.8,3744.1,3772.9,724.5,714.5,761.9,5.7,5.7,6
Apr-2016,11920,11913.9,11940.5,8167.5,8151.2,8128.1,3752.5,3762.7,3812.4,724.1,720.9,719.2,5.7,5.7,5.7
May-2016,11928,11919.8,11971.2,8159.7,8139.4,8149,3768.3,3780.4,3822.2,723.6,722.9,715.7,5.7,5.7,5.6
Jun-2016,11934.4,11933.6,11960.7,8150.8,8190.9,8166.8,3783.5,3742.7,3794,722.7,730.6,704.2,5.7,5.8,5.6
Jul-2016,11938.6,11965.7,11962.3,8143,8149.5,8167,3795.7,3816.2,3795.2,721.7,731.3,708.9,5.7,5.8,5.6
Aug-2016,11942.7,11948.3,11868.9,8137.4,8147.5,8077.4,3805.3,3800.8,3791.5,720.4,717.5,707.8,5.7,5.7,5.6
Sep-2016,11948,11925.3,11908.9,8134.8,8083.2,8048.6,3813.2,3842.1,3860.4,718.8,712.6,696.3,5.7,5.6,5.5
Oct-2016,11955.4,11936.9,11950.7,8136,8129.3,8097.5,3819.4,3807.6,3853.1,719.8,707.3,676.2,5.7,5.6,5.4
Nov-2016,11966.4,11983.1,12015.6,8142.5,8173.5,8196.8,3824,3809.6,3818.8,724.4,730.7,683.8,5.7,5.7,5.4
Dec-2016,11984.4,11998.9,12105.3,8156.2,8189.3,8310.2,3828.2,3809.7,3795.1,730.6,737.8,722.5,5.7,5.8,5.6
Jan-2017,12009.4,12003.6,11840.4,8175.1,8131.1,8073.4,3834.3,3872.5,3767,735.8,724.3,776,5.8,5.7,6.2
Feb-2017,12038,12011.5,12054.9,8195.8,8174.6,8256.2,3842.2,3837,3798.7,737.8,747.2,818.4,5.8,5.9,6.4
Mar-2017,12067.7,12064.5,12072,8217.5,8241.1,8220.2,3850.1,3823.4,3851.9,736.8,751.1,801.4,5.8,5.9,6.2
Apr-2017,12097,12110.7,12139.2,8239.3,8235.4,8213.4,3857.7,3875.3,3925.8,734,730.5,728.8,5.7,5.7,5.7
May-2017,12122.1,12152.6,12205.9,8258.5,8287.4,8297.3,3863.6,3865.2,3908.7,729.2,711.9,703.4,5.7,5.5,5.4